"Guid","AccountId","AssistantName","AssistantPhone","Birthdate","Contact__c","Department","Description","Email","EmailBouncedReason","Fax","FirstName","HomePhone","Jigsaw","LastName","LeadSource","MailingCity","MailingCountry","MailingGeocodeAccuracy","MailingLatitude","MailingLongitude","MailingPostalCode","MailingState","MailingStreet","MobilePhone","OtherCity","OtherCountry","OtherGeocodeAccuracy","OtherLatitude","OtherLongitude","OtherPhone","OtherPostalCode","OtherState","OtherStreet","Phone","ReportsToId","Salutation","Title"
35ca5d7c-748b-483f-8022-9b299fa84bb4,b5ff29b7-ba55-4f3c-ad6e-f9e20c2ee3ce,"#N/A","#N/A","#N/A","#N/A","#N/A","#N/A","#N/A","#N/A","#N/A",Test v2,"#N/A","#N/A",Sharma,"#N/A","#N/A","#N/A","#N/A","#N/A","#N/A","#N/A","#N/A","#N/A","#N/A","#N/A","#N/A","#N/A","#N/A","#N/A","#N/A","#N/A","#N/A","#N/A","#N/A","#N/A","#N/A","#N/A"
552ba7b9-6ade-4347-8a23-34d701586f1e,5c0e9f80-c9b5-4f06-afda-87ed0273e126,"#N/A","#N/A","#N/A","#N/A","#N/A","#N/A","#N/A","#N/A","#N/A",Test v2,"#N/A","#N/A",Sharma,"#N/A","#N/A","#N/A","#N/A","#N/A","#N/A","#N/A","#N/A","#N/A","#N/A","#N/A","#N/A","#N/A","#N/A","#N/A","#N/A","#N/A","#N/A","#N/A","#N/A","#N/A","#N/A","#N/A"
6f81903d-890c-4854-bec6-435488bcd37b,3322352b-e581-4d4e-a73b-0059ecf9e142,"#N/A","#N/A","#N/A","#N/A","#N/A","#N/A","#N/A","#N/A","#N/A",Test,"#N/A","#N/A",Sharma,"#N/A","#N/A","#N/A","#N/A","#N/A","#N/A","#N/A","#N/A","#N/A","#N/A","#N/A","#N/A","#N/A","#N/A","#N/A","#N/A","#N/A","#N/A","#N/A",(773) 748-2074,"#N/A","#N/A","#N/A"
7595d9c7-fe24-45d1-ac2c-1eba792f91b6,d35cff92-7d8f-42e6-93db-53577c0aeb43,"#N/A","#N/A","#N/A","#N/A","#N/A","#N/A","#N/A","#N/A","#N/A",Test,"#N/A","#N/A",Sharma,"#N/A","#N/A","#N/A","#N/A","#N/A","#N/A","#N/A","#N/A","#N/A","#N/A","#N/A","#N/A","#N/A","#N/A","#N/A","#N/A","#N/A","#N/A","#N/A",(773) 748-2074,"#N/A","#N/A","#N/A"
860102fa-6691-4014-a361-73d70224054c,bcd28379-ca13-4205-b410-4e1356165041,"#N/A","#N/A","#N/A","#N/A","#N/A","#N/A","#N/A","#N/A","#N/A",FRANKIE,"#N/A","#N/A",NEW INSERT CONTROL,"#N/A","#N/A","#N/A","#N/A","#N/A","#N/A","#N/A","#N/A","#N/A","#N/A","#N/A","#N/A","#N/A","#N/A","#N/A","#N/A","#N/A","#N/A","#N/A","#N/A","#N/A","#N/A","#N/A"
b617960b-e477-46d6-8a7b-7d86c85511a5,1af73c63-56e4-4a6a-9cac-0bff76fd6393,"#N/A","#N/A","#N/A","#N/A","#N/A","#N/A","#N/A","#N/A","#N/A",FRANKIE,"#N/A","#N/A",NEW INSERT CONTROL,"#N/A","#N/A","#N/A","#N/A","#N/A","#N/A","#N/A","#N/A","#N/A","#N/A","#N/A","#N/A","#N/A","#N/A","#N/A","#N/A","#N/A","#N/A","#N/A","#N/A","#N/A","#N/A","#N/A"
ba484379-a7a2-44fb-8d8d-2dec3c1252ea,a1fb01ec-04f5-469a-b742-0daa346800f3,"#N/A","#N/A","#N/A","#N/A","#N/A","#N/A","#N/A","#N/A","#N/A",Test,"#N/A","#N/A",Sharma,"#N/A","#N/A","#N/A","#N/A","#N/A","#N/A","#N/A","#N/A","#N/A","#N/A","#N/A","#N/A","#N/A","#N/A","#N/A","#N/A","#N/A","#N/A","#N/A",(773) 748-2074,"#N/A","#N/A","#N/A"
bd98f926-8c15-440f-890c-44622bcb4dd0,d4694b0f-57ba-42d4-bd13-1a406e6b4aa3,"#N/A","#N/A","#N/A","#N/A","#N/A","#N/A","#N/A","#N/A","#N/A",Test v2,"#N/A","#N/A",Sharma,"#N/A","#N/A","#N/A","#N/A","#N/A","#N/A","#N/A","#N/A","#N/A","#N/A","#N/A","#N/A","#N/A","#N/A","#N/A","#N/A","#N/A","#N/A","#N/A","#N/A","#N/A","#N/A","#N/A"
d00f38f2-1fb5-492f-97ae-ebc351994801,2e8600f6-13e8-4118-9c34-ea70e86bd8c8,"#N/A","#N/A","#N/A","#N/A","#N/A","#N/A","#N/A","#N/A","#N/A",Test 5,"#N/A","#N/A",Contact,"#N/A","#N/A","#N/A","#N/A","#N/A","#N/A","#N/A","#N/A","#N/A","#N/A","#N/A","#N/A","#N/A","#N/A","#N/A","#N/A","#N/A","#N/A","#N/A","#N/A","#N/A","#N/A","#N/A"
e17cb23e-3d39-42c1-a5f4-8382a95d6e81,763e4b68-c5de-4219-9ad6-3c6f485d2b4c,"#N/A","#N/A","#N/A","#N/A","#N/A","#N/A","#N/A","#N/A","#N/A",FRANKIE,"#N/A","#N/A",NEW INSERT CONTROL,"#N/A","#N/A","#N/A","#N/A","#N/A","#N/A","#N/A","#N/A","#N/A","#N/A","#N/A","#N/A","#N/A","#N/A","#N/A","#N/A","#N/A","#N/A","#N/A","#N/A","#N/A","#N/A","#N/A"
e7b7bba7-429c-4e0d-ac25-57e680189c01,245718cc-0136-4586-93ec-b209c783194d,"#N/A","#N/A","#N/A",35ca5d7c-748b-483f-8022-9b299fa84bb4,"#N/A","#N/A","#N/A","#N/A","#N/A",Test 4,"#N/A","#N/A",Contact,"#N/A","#N/A","#N/A","#N/A","#N/A","#N/A","#N/A","#N/A","#N/A","#N/A","#N/A","#N/A","#N/A","#N/A","#N/A","#N/A","#N/A","#N/A","#N/A","#N/A","#N/A","#N/A","#N/A"
f25d92b6-a72f-4cfe-9fbf-e7a58a9b0363,e839e174-fd2a-4203-bab7-31581a3dd5f3,"#N/A","#N/A","#N/A","#N/A","#N/A","#N/A","#N/A","#N/A","#N/A",BOBBY,"#N/A","#N/A",NEWCONTACT,"#N/A","#N/A","#N/A","#N/A","#N/A","#N/A","#N/A","#N/A","#N/A","#N/A","#N/A","#N/A","#N/A","#N/A","#N/A","#N/A","#N/A","#N/A","#N/A","#N/A","#N/A","#N/A","#N/A"
